{
  "company_accuracy_mean": 0.9798270893371758,
  "company_accuracy_std": 0.14079450061268434,
  "company_similarity_mean": 0.9798270893371758,
  "company_similarity_std": 0.14079450061268434,
  "company_detected_mean": 0.020172910662824207,
  "company_detected_std": 0.14079450061268434,
  "date_accuracy_mean": 0.8357348703170029,
  "date_accuracy_std": 0.3710510287268786,
  "date_similarity_mean": 0.8357348703170029,
  "date_similarity_std": 0.3710510287268786,
  "date_detected_mean": 0.1642651296829971,
  "date_detected_std": 0.3710510287268786,
  "address_accuracy_mean": 0.8213256484149856,
  "address_accuracy_std": 0.38363258480035906,
  "address_similarity_mean": 0.8213256484149856,
  "address_similarity_std": 0.38363258480035906,
  "address_detected_mean": 0.1786743515850144,
  "address_detected_std": 0.38363258480035906,
  "total_accuracy_mean": 0.792507204610951,
  "total_accuracy_std": 0.40609702538074316,
  "total_similarity_mean": 0.792507204610951,
  "total_similarity_std": 0.40609702538074316,
  "total_detected_mean": 0.207492795389049,
  "total_detected_std": 0.4060970253807432,
  "overall_accuracy": 0.8573487031700288,
  "overall_similarity": 0.8573487031700288,
  "overall_detection": 0.14265129682997119
}